City_ID,City,Lat,Lng,Max Temp,Humidity,Cloudiness,Wind Speed,Country,Date
0,adrar,20.5022,-10.0711,16.67,16,100,4.84,MR,1675546546
1,punta arenas,-53.15,-70.9167,10.06,93,100,4.12,CL,1675546514
2,vysokogornyy,50.1167,139.15,-27.44,100,99,0.7,RU,1675546740
3,mount gambier,-37.8333,140.7667,14.52,78,100,1.48,AU,1675546593
4,jamestown,42.097,-79.2353,-3.03,32,0,6.17,US,1675546570
5,qaanaaq,77.484,-69.3632,-19.66,62,85,2.42,GL,1675546677
6,castro,-24.7911,-50.0119,18.6,92,80,2.43,BR,1675546741
7,mecca,21.4267,39.8261,20.07,57,6,2.63,SA,1675546675
8,cherskiy,68.75,161.3,-38.11,100,97,1.93,RU,1675546566
9,ushuaia,-54.8,-68.3,11.81,58,75,5.14,AR,1675546564
10,mataura,-46.1927,168.8643,21.93,72,100,1.67,NZ,1675546572
11,kahului,20.8947,-156.47,25.17,77,20,7.72,US,1675546743
12,abu samrah,35.3029,37.1841,5.33,81,100,0.59,SY,1675546744
13,lebu,-37.6167,-73.65,17.05,86,57,2.24,CL,1675546362
14,portland,45.5234,-122.6762,11.79,79,100,4.47,US,1675545934
15,cabo san lucas,22.8909,-109.9124,26.61,47,0,3.6,MX,1675546535
16,awjilah,29.1081,21.2869,12.5,52,100,2.09,LY,1675546752
17,najran,17.4924,44.1277,17.36,50,48,1.18,SA,1675546758
18,rikitea,-23.1203,-134.9692,26.08,74,2,6.17,PF,1675546547
19,petropavlovsk-kamchatskiy,53.0452,158.6483,-16.79,71,40,4.0,RU,1675546761
20,bluff,-46.6,168.3333,17.55,94,100,5.61,NZ,1675546601
21,nanortalik,60.1432,-45.2371,-3.53,74,99,7.48,GL,1675546556
22,kaitangata,-46.2817,169.8464,21.32,70,100,1.93,NZ,1675546772
23,nikel,69.4128,30.222,-13.9,100,87,1.19,RU,1675546773
24,bagdarin,54.4333,113.6,-24.39,95,65,1.7,RU,1675546774
25,east london,-33.0153,27.9116,23.7,83,100,5.29,ZA,1675546724
26,houma,29.5958,-90.7195,18.89,64,0,4.63,US,1675546730
27,cidreira,-30.1811,-50.2056,24.29,70,64,4.62,BR,1675546564
28,preobrazheniye,42.9019,133.9064,-8.97,71,30,2.92,RU,1675546624
29,mujiayingzi,42.1167,118.7833,-6.5,41,79,2.97,CN,1675546776
30,leh,34.1667,77.5833,-15.51,83,77,0.99,IN,1675546580
31,samarai,-10.6167,150.6667,27.77,77,82,2.76,PG,1675546673
32,amuntai,-2.4177,115.2494,22.54,88,100,0.49,ID,1675546777
33,mar del plata,-38.0023,-57.5575,22.13,68,0,5.66,AR,1675546336
34,victoria,22.2855,114.1577,18.3,86,100,4.02,HK,1675546515
35,vanimo,-2.6741,141.3028,25.69,86,100,1.51,PG,1675546668
36,high rock,26.6208,-78.2833,22.01,74,96,11.45,BS,1675546778
37,walvis bay,-22.9575,14.5053,18.38,78,100,4.73,NA,1675546778
38,ponta do sol,32.6667,-17.1,17.35,58,18,4.32,PT,1675546656
39,dikson,73.5069,80.5464,-19.98,98,100,1.49,RU,1675546662
40,kloulklubed,7.0419,134.2556,27.96,76,98,8.1,PW,1675546779
41,provideniya,64.3833,-173.3,-19.58,88,100,4.87,RU,1675546538
42,yeppoon,-23.1333,150.7333,27.88,83,59,4.14,AU,1675546780
43,chuy,-33.6971,-53.4616,20.26,80,3,6.96,UY,1675546617
44,atuona,-9.8,-139.0333,26.03,72,38,8.46,PF,1675546442
45,springbok,-29.6643,17.8865,15.57,77,1,0.77,ZA,1675546601
46,stepnyak,52.8339,70.7803,-22.24,100,97,1.57,KZ,1675546781
47,rondonopolis,-16.4708,-54.6356,25.49,87,98,0.85,BR,1675546488
48,lixourion,38.2019,20.4314,11.19,60,43,15.55,GR,1675546782
49,bandarbeyla,9.4942,50.8122,23.7,67,92,6.78,SO,1675546574
50,port hedland,-20.3167,118.5667,25.03,88,17,4.12,AU,1675546635
51,road town,18.4167,-64.6167,26.05,83,40,4.63,VG,1675546673
52,burnie,-41.0667,145.9167,15.46,62,4,4.53,AU,1675546622
53,qaqortoq,60.7167,-46.0333,-4.32,74,98,10.22,GL,1675546783
54,bodden town,19.2833,-81.25,28.0,69,20,4.63,KY,1675546784
55,hovd,48.0056,91.6419,-15.75,81,53,0.58,MN,1675546728
56,viransehir,37.2353,39.7631,0.96,100,100,4.35,TR,1675546785
57,hilo,19.7297,-155.09,24.03,93,75,2.57,US,1675546454
58,cape town,-33.9258,18.4232,24.65,83,40,2.57,ZA,1675546522
59,sibolga,1.7427,98.7792,24.29,86,100,1.43,ID,1675546554
60,geraldton,-28.7667,114.6,21.23,94,75,3.09,AU,1675546544
61,hobyo,5.3505,48.5268,23.82,73,70,6.85,SO,1675546699
62,florida,28.7505,-82.5001,23.28,55,40,4.12,US,1675546787
63,bonavista,48.6499,-53.1147,-11.92,72,92,17.21,CA,1675546666
64,thompson,55.7435,-97.8558,-18.91,65,20,1.54,CA,1675546600
65,port elizabeth,-33.918,25.5701,24.1,62,100,0.65,ZA,1675546716
66,pangnirtung,66.1451,-65.7125,-36.61,98,75,1.08,CA,1675546524
67,morehead,37.2711,-87.1764,8.86,43,0,5.66,US,1675546681
68,sistranda,63.7256,8.834,1.98,55,100,4.18,NO,1675546612
69,upernavik,72.7868,-56.1549,-21.41,96,100,2.19,GL,1675546636
70,bethel,41.3712,-73.414,-7.02,36,20,3.09,US,1675546613
71,tuktoyaktuk,69.4541,-133.0374,-41.0,66,0,0.0,CA,1675546555
72,san patricio,28.017,-97.5169,21.76,56,40,4.59,US,1675546564
73,hermanus,-34.4187,19.2345,20.45,92,23,3.01,ZA,1675546594
74,goure,13.9835,10.2704,22.5,16,70,3.32,NE,1675546790
75,endicott,42.0984,-76.0494,-6.47,57,100,4.63,US,1675546537
76,vaini,-21.2,-175.2,29.09,79,40,4.12,TO,1675546554
77,acapulco,16.8634,-99.8901,30.9,51,20,3.6,MX,1675546499
78,torbay,47.6666,-52.7314,-13.18,80,75,13.38,CA,1675546594
79,busselton,-33.65,115.3333,22.63,43,75,3.19,AU,1675546651
80,bichura,50.5881,107.6022,-17.95,99,99,0.81,RU,1675546791
81,tazmalt,36.3868,4.3989,7.01,82,2,2.1,DZ,1675546792
82,nardaran,40.5561,50.0056,3.8,93,0,2.06,AZ,1675546792
83,pimenta bueno,-11.6725,-61.1936,24.17,93,100,1.7,BR,1675546793
84,khatanga,71.9667,102.5,-38.92,100,52,2.17,RU,1675546441
85,vardo,70.3705,31.1107,-9.01,79,85,5.66,NO,1675546794
86,namtsy,62.7161,129.6658,-33.39,100,100,0.78,RU,1675546794
87,conchagua,13.3078,-87.8647,37.1,23,13,3.88,SV,1675546795
88,hamilton,39.1834,-84.5333,9.35,36,100,6.69,US,1675546369
89,norman wells,65.282,-126.8329,-25.98,64,75,2.06,CA,1675546795
90,sitka,57.0531,-135.33,1.94,93,100,1.54,US,1675546675
91,grants,35.1473,-107.8514,15.13,7,0,4.12,US,1675546796
92,esperance,-33.8667,121.9,17.63,69,0,6.27,AU,1675546521
93,saint-philippe,-21.3585,55.7679,25.77,86,98,4.39,RE,1675546588
94,san juan,-31.5375,-68.5364,31.07,23,0,5.04,AR,1675546731
95,kibray,41.3873,69.4641,6.29,97,100,0.39,UZ,1675546797
96,jacksonville,30.3322,-81.6556,17.25,69,75,8.23,US,1675546225
97,tramore,52.1624,-7.1524,6.52,75,64,1.34,IE,1675546798
98,albany,42.6001,-73.9662,-10.11,46,61,1.64,US,1675546100
99,saquena,-4.6667,-73.5167,27.4,67,70,1.93,PE,1675546799
100,alofi,-19.0595,-169.9187,27.94,78,100,3.6,NU,1675546559
101,ashta,23.0167,76.7167,15.12,33,8,2.16,IN,1675546799
102,manakara,-22.1333,48.0167,23.02,91,99,0.94,MG,1675546800
103,port hardy,50.6996,-127.4199,8.1,93,75,10.29,CA,1675546571
104,hithadhoo,-0.6,73.0833,27.51,71,95,6.66,MV,1675546530
105,nuuk,64.1835,-51.7216,-14.66,85,40,14.4,GL,1675546759
106,saldanha,-33.0117,17.9442,19.03,96,91,6.84,ZA,1675546605
107,puerto ayora,-0.7393,-90.3518,29.98,88,51,3.13,EC,1675546604
108,tambopata,-12.7333,-69.1833,29.94,70,75,2.57,PE,1675546801
109,san quintin,30.4833,-115.95,17.9,54,0,4.27,MX,1675546444
110,guerrero negro,27.9769,-114.0611,20.88,35,0,4.75,MX,1675546680
111,mundi,22.0667,76.5,16.87,31,22,2.29,IN,1675546809
112,ambulu,-8.345,113.6058,24.3,88,100,1.69,ID,1675546813
113,fukue,32.6881,128.8419,8.36,51,12,3.64,JP,1675546733
114,chimala,-8.85,34.0167,18.71,94,100,0.71,TZ,1675546839
115,hami,42.8,93.45,-1.08,37,100,2.2,CN,1675546839
116,byron bay,-28.65,153.6167,26.08,77,100,3.8,AU,1675546840
117,ternate,0.8,127.4,25.96,79,100,3.21,ID,1675546840
118,kurkino,53.4257,38.6582,-5.69,96,100,1.95,RU,1675546841
119,saskylakh,71.9167,114.0833,-36.88,99,87,1.37,RU,1675546841
120,ancud,-41.8697,-73.8203,20.12,68,53,1.92,CL,1675546723
121,mullovka,54.2,49.4,-13.1,97,100,1.4,RU,1675546842
122,hobart,-42.8794,147.3294,16.14,65,20,3.09,AU,1675546415
123,megion,61.0296,76.1136,-16.99,100,98,2.42,RU,1675546842
124,barry,51.4067,-3.2694,9.15,93,100,5.14,GB,1675546843
125,buala,-8.145,159.5921,26.74,85,100,2.66,SB,1675546843
126,katsuura,35.1333,140.3,6.33,68,8,6.03,JP,1675546522
127,cayenne,4.9333,-52.3333,23.02,94,100,6.17,GF,1675546609
128,airai,-8.9266,125.4092,15.75,90,99,1.01,TL,1675546598
129,dawson creek,55.7666,-120.2362,5.8,56,20,6.17,CA,1675546844
130,inhambane,-23.865,35.3833,24.36,86,9,3.79,MZ,1675546546
131,sao paulo de olivenca,-3.3783,-68.8725,24.58,95,99,1.23,BR,1675546845
132,vicuna,-30.0319,-70.7081,30.43,46,17,3.08,CL,1675546846
133,yellowknife,62.456,-114.3525,-26.71,69,75,0.0,CA,1675546549
134,raudeberg,61.9875,5.1352,4.42,55,100,9.26,NO,1675546846
135,katangli,51.7102,143.2326,-25.89,98,22,4.0,RU,1675546847
136,wakkanai,45.4094,141.6739,-5.14,73,100,6.07,JP,1675546847
137,caravelas,-17.7125,-39.2481,26.26,82,12,4.81,BR,1675546848
138,hasaki,35.7333,140.8333,2.9,57,4,7.69,JP,1675546665
139,seoul,37.5683,126.9778,-4.31,93,20,1.54,KR,1675546281
140,vanavara,60.34,102.2797,-21.02,100,97,0.95,RU,1675546849
141,pokhara,28.2333,83.9833,12.34,46,5,2.15,NP,1675546849
142,bunia,1.5667,30.25,19.62,34,85,1.71,CD,1675546849
143,bathsheba,13.2167,-59.5167,27.34,74,75,9.26,BB,1675546850
144,acari,-15.4311,-74.6158,25.5,80,100,3.37,PE,1675546850
145,longyearbyen,78.2186,15.6401,-8.09,62,0,10.29,SJ,1675546557
146,sioux lookout,50.1001,-91.917,-13.96,72,100,2.06,CA,1675546851
147,hebi,35.8992,114.1925,0.92,71,3,2.78,CN,1675546852
148,verkhnevilyuysk,63.4453,120.3167,-35.66,100,100,1.78,RU,1675546852
149,arraial do cabo,-22.9661,-42.0278,28.98,74,0,6.17,BR,1675546452
150,saint-pierre,-21.3393,55.4781,25.82,83,0,2.06,RE,1675546731
151,mount isa,-20.7333,139.5,22.87,38,98,4.63,AU,1675546607
152,algiers,36.7525,3.042,6.9,93,20,1.54,DZ,1675546726
153,broken hill,-31.95,141.4333,17.38,52,0,5.4,AU,1675546726
154,otjiwarongo,-20.4637,16.6477,18.17,81,100,2.64,NA,1675546854
155,port-gentil,-0.7193,8.7815,26.98,89,20,3.09,GA,1675546854
156,tasiilaq,65.6145,-37.6368,-3.91,82,100,8.6,GL,1675546707
157,vila franca do campo,37.7167,-25.4333,14.23,84,3,3.2,PT,1675546678
158,dunedin,-45.8742,170.5036,20.45,83,100,4.47,NZ,1675546302
159,pujili,-0.95,-78.6833,17.38,48,40,7.72,EC,1675546856
160,omboue,-1.5746,9.2618,26.19,84,100,1.4,GA,1675546856
161,northam,51.0333,-4.2167,10.22,91,100,2.21,GB,1675546857
162,manjacaze,-24.7117,33.8828,22.74,91,25,2.9,MZ,1675546857
163,new norfolk,-42.7826,147.0587,15.95,63,13,0.45,AU,1675546660
164,dingle,10.9995,122.6711,23.25,95,94,3.7,PH,1675546802
165,vila velha,-20.3297,-40.2925,27.97,83,0,7.2,BR,1675546439
166,avarua,-21.2078,-159.775,29.03,79,20,5.66,CK,1675546480
167,madimba,-10.4,40.3333,24.62,88,75,5.14,TZ,1675546858
168,clyde river,70.4692,-68.5914,-27.87,57,75,6.69,CA,1675546676
169,mantua,45.1667,10.7833,8.58,82,26,2.24,IT,1675546859
170,souillac,-20.5167,57.5167,26.21,89,40,2.06,MU,1675546860
171,olafsvik,64.8945,-23.7142,2.89,80,100,11.19,IS,1675546860
172,araras,-22.3569,-47.3842,28.82,93,96,2.34,BR,1675546861
173,tuatapere,-46.1333,167.6833,19.48,93,100,1.71,NZ,1675546862
174,port blair,11.6667,92.75,26.02,89,40,1.03,IN,1675546654
175,kodiak,57.79,-152.4072,-1.27,80,0,0.0,US,1675546412
176,yulara,-25.2406,130.9889,19.85,31,0,5.15,AU,1675546664
177,zastron,-30.3023,27.084,19.69,41,61,1.37,ZA,1675546865
178,zhiletovo,54.6922,36.0223,-2.01,98,100,1.84,RU,1675546869
179,upata,8.0086,-62.3989,25.66,60,88,3.86,VE,1675546870
180,hailar,49.2,119.7,-31.98,100,79,1.25,CN,1675546871
181,lompoc,34.6391,-120.4579,20.08,71,0,2.57,US,1675546720
182,barcelos,41.5388,-8.6151,10.94,73,0,2.13,PT,1675546873
183,hays,30.0502,-98.0336,16.84,63,82,3.13,US,1675546873
184,nieves,15.3274,120.9485,23.73,89,67,1.56,PH,1675546875
185,the pas,53.8251,-101.2541,-13.99,72,100,1.54,CA,1675546592
186,egvekinot,66.3167,-179.1667,-33.33,88,15,6.01,RU,1675546611
187,touros,-5.1989,-35.4608,26.5,80,89,6.2,BR,1675546884
188,okhotsk,59.3833,143.3,-26.86,82,40,4.97,RU,1675546885
189,taoudenni,22.6783,-3.9836,15.76,35,100,5.54,ML,1675546886
190,mitchelstown,52.2658,-8.2681,5.27,92,32,1.52,IE,1675546892
191,loukhi,66.0764,33.0381,-12.92,90,38,3.55,RU,1675546893
192,iqaluit,63.7506,-68.5145,-36.84,65,40,6.17,CA,1675546718
193,araouane,18.9048,-3.5265,16.61,16,98,5.52,ML,1675546610
194,faanui,-16.4833,-151.75,27.49,72,64,8.36,PF,1675546556
195,altamira,-3.2033,-52.2064,32.05,58,40,1.54,BR,1675546894
196,missoula,47.0166,-113.8009,2.53,99,92,1.95,US,1675546645
197,makakilo city,21.3469,-158.0858,22.23,87,100,4.12,US,1675546895
198,alugan,12.2188,125.4808,25.5,85,99,6.99,PH,1675546896
199,sao joao da barra,-21.6403,-41.0511,30.05,90,7,6.42,BR,1675546722
200,honiara,-9.4333,159.95,28.48,78,96,0.69,SB,1675546896
201,mackenzie,55.2999,-123.1698,1.12,93,100,2.06,CA,1675546659
202,calama,-22.4667,-68.9333,22.27,35,40,10.29,CL,1675546233
203,daru,-9.0763,143.2092,24.08,93,100,3.89,PG,1675546897
204,sao filipe,14.8961,-24.4956,22.12,63,28,6.42,CV,1675546898
205,bredasdorp,-34.5322,20.0403,20.93,81,0,3.64,ZA,1675546607
206,pevek,69.7008,170.3133,-37.42,100,93,0.74,RU,1675546466
207,kyzyl,51.7,94.45,-18.67,97,100,0.49,RU,1675546899
208,sola,-13.8833,167.55,26.37,89,100,0.0,VU,1675546604
209,katubao,5.8892,124.8294,25.39,79,100,1.75,PH,1675546900
210,georgetown,5.4112,100.3354,25.96,86,20,3.09,MY,1675546544
211,kapaa,22.0752,-159.319,22.18,94,100,5.66,US,1675546562
212,port alfred,-33.5906,26.891,23.43,89,100,0.45,ZA,1675546614
213,butaritari,3.0707,172.7902,27.38,80,56,8.62,KI,1675546609
214,presidencia roque saenz pena,-26.7852,-60.4388,32.48,24,76,4.45,AR,1675546902
215,codrington,-38.2667,141.9667,15.15,78,100,2.61,AU,1675546508
216,birin,26.8865,88.0718,8.16,68,3,1.71,NP,1675546903
217,chokurdakh,70.6333,147.9167,-30.92,97,75,3.61,RU,1675546523
218,aykhal,66.0,111.5,-38.05,100,84,1.04,RU,1675546903
219,puerto colombia,10.9878,-74.9547,28.05,82,4,9.83,CO,1675546904
220,talcahuano,-36.7167,-73.1167,18.82,77,100,4.12,CL,1675546816
221,arifwala,30.294,73.0735,14.06,44,0,2.81,PK,1675546905
222,morden,49.1919,-98.1014,-6.62,79,100,3.09,CA,1675546905
223,shellbrook,53.2168,-106.4011,-6.43,92,100,1.22,CA,1675546906
224,aden,12.7794,45.0367,23.75,75,28,2.98,YE,1675546773
225,grindavik,63.8424,-22.4338,2.97,80,75,6.69,IS,1675546906
226,panjab,34.388,67.0233,-17.07,64,13,1.85,AF,1675546907
227,tura,25.5198,90.2201,13.41,54,0,1.06,IN,1675546612
228,rio grande,-32.035,-52.0986,28.06,67,0,6.93,BR,1675546608
229,kaeo,-35.1,173.7833,20.68,83,97,3.38,NZ,1675546625
230,yangambi,0.8102,24.4336,21.69,51,13,0.97,CD,1675546908
231,flin flon,54.7682,-101.865,-15.09,66,100,2.57,CA,1675546675
232,birao,10.2849,22.7882,22.1,14,52,3.03,CF,1675546909
233,nizwa,22.9333,57.5333,20.33,61,0,1.41,OM,1675546909
234,kavieng,-2.5744,150.7967,27.98,73,97,2.14,PG,1675546909
235,kunyang,27.6658,120.5658,7.81,88,100,1.74,CN,1675546910
236,coquimbo,-29.9533,-71.3436,22.85,64,0,4.63,CL,1675546893
237,durban,-29.8579,31.0292,24.45,88,0,0.89,ZA,1675546911
238,yaan,7.3833,8.5667,30.19,22,99,1.73,NG,1675546666
239,frontignan,43.4485,3.754,13.97,49,0,5.99,FR,1675546911
240,erenhot,43.6475,111.9767,-6.81,38,100,2.42,CN,1675546912
241,havre-saint-pierre,50.2334,-63.5986,-13.0,55,100,10.8,CA,1675546912
242,port moresby,-9.4431,147.1797,24.68,88,40,5.14,PG,1675546913
243,mahebourg,-20.4081,57.7,26.16,89,40,2.06,MU,1675546647
244,ust-shonosha,61.1531,41.343,-9.84,97,100,1.76,RU,1675546913
245,barrow,71.2906,-156.7887,-30.99,76,20,3.6,US,1675546464
246,kortkeros,61.8106,51.5806,-9.0,100,100,0.61,RU,1675546914
247,pacific grove,36.6177,-121.9166,16.06,84,75,10.28,US,1675546914
248,fare,-16.7,-151.0167,27.33,73,18,7.68,PF,1675546618
249,kamnik,46.2259,14.6121,-1.06,74,40,1.03,SI,1675546916
250,sinnamary,5.3833,-52.95,24.91,88,100,7.35,GF,1675546916
251,goderich,43.7501,-81.7165,-2.83,68,85,8.23,CA,1675546917
252,bereda,43.2686,-7.5406,5.64,100,55,2.73,ES,1675546917
253,mizdah,31.4451,12.9801,8.56,64,20,2.05,LY,1675546917
254,xinyu,27.8043,114.9334,7.33,94,97,1.09,CN,1675546918
255,bayan,46.0833,127.4,-17.37,98,100,1.12,CN,1675546919
256,bubaque,11.2833,-15.8333,25.03,66,8,6.51,GW,1675546919
257,jacareacanga,-6.2222,-57.7528,24.78,93,87,1.11,BR,1675546776
258,palu,-0.8917,119.8707,23.4,93,97,0.96,ID,1675546920
259,carnarvon,-24.8667,113.6333,25.62,71,1,2.06,AU,1675546610
260,mayo,38.8876,-76.5119,0.19,48,0,4.63,US,1675546920
261,meulaboh,4.1363,96.1285,23.86,88,98,1.65,ID,1675546714
262,port lincoln,-34.7333,135.8667,17.37,70,58,2.12,AU,1675546568
263,ayan,56.45,138.1667,-23.04,88,87,2.34,RU,1675546921
264,ribeira grande,38.5167,-28.7,17.1,94,20,4.92,PT,1675546342
265,narsaq,60.9167,-46.05,-2.88,87,100,6.06,GL,1675546653
266,klaksvik,62.2266,-6.589,3.51,73,43,15.06,FO,1675546926
267,yarmouth,41.7057,-70.2286,-8.91,39,20,5.81,US,1675546927
268,baracoa,20.3467,-74.4958,25.18,75,11,3.01,CU,1675546929
269,barranquilla,10.9639,-74.7964,27.88,65,0,7.72,CO,1675546932
270,apache junction,33.4151,-111.5496,24.06,21,0,1.34,US,1675546938
271,beyneu,45.3167,55.2,0.37,97,100,4.11,KZ,1675546673
272,miri,4.4148,114.0089,24.08,94,40,0.0,MY,1675546942
273,christchurch,-43.5333,172.6333,28.86,51,98,8.75,NZ,1675546945
274,baft,29.234,56.6057,2.76,83,3,1.76,IR,1675546947
275,rawson,-43.3002,-65.1023,32.44,22,11,11.13,AR,1675546898
276,llanelli,51.682,-4.1619,9.93,94,75,4.63,GB,1675546954
277,ilovlya,49.3033,43.9796,-3.35,96,100,3.13,RU,1675546955
278,port maria,18.3685,-76.8895,27.98,81,29,3.87,JM,1675546955
279,urucara,-2.5364,-57.76,25.04,93,100,0.21,BR,1675546546
280,shasta lake,40.6804,-122.3708,11.4,92,100,0.84,US,1675546956
281,pitimbu,-7.4706,-34.8086,28.33,78,19,4.63,BR,1675546956
282,hambantota,6.1241,81.1185,24.19,100,40,2.06,LK,1675546957
283,howard springs,-12.497,131.047,24.95,91,100,1.45,AU,1675546957
284,atambua,-9.1061,124.8925,22.57,91,100,0.61,ID,1675546958
285,malanje,-9.5402,16.341,17.55,96,100,0.79,AO,1675546958
286,quatre cocos,-20.2078,57.7625,26.06,85,71,4.05,MU,1675546959
287,melfi,40.9965,15.6514,4.31,60,97,7.01,IT,1675546959
288,hendaye,43.3717,-1.7738,8.97,76,100,1.03,FR,1675546960
289,masuguru,-11.3667,38.4167,21.93,95,62,1.18,TZ,1675546960
290,hokitika,-42.7167,170.9667,18.69,92,100,8.13,NZ,1675546874
291,griffith,41.5284,-87.4237,6.84,59,0,8.23,US,1675546961
292,krapkowice,50.4752,17.9654,-1.95,84,99,5.1,PL,1675546961
293,morondava,-20.2833,44.2833,25.93,83,2,1.91,MG,1675546962
294,severo-yeniseyskiy,60.3725,93.0408,-12.85,97,100,1.58,RU,1675546801
295,luderitz,-26.6481,15.1594,17.62,85,27,6.76,NA,1675546962
296,teya,60.3778,92.6267,-11.28,97,100,1.46,RU,1675546673
297,stanceni,46.9833,25.2333,-8.15,86,100,3.43,RO,1675546963
298,yuci,37.6803,112.7319,-9.14,53,0,2.0,CN,1675546964
299,semey,50.4111,80.2275,-11.31,97,97,2.19,KZ,1675546964
300,aklavik,68.2191,-135.0107,-36.0,68,20,1.03,CA,1675546726
301,santa maria,-29.6842,-53.8069,27.61,44,20,2.57,BR,1675546965
302,victor harbor,-35.5667,138.6167,14.82,66,44,0.56,AU,1675546965
303,necochea,-38.5473,-58.7368,20.25,53,0,5.22,AR,1675546695
304,orlik,52.5178,99.825,-22.67,98,95,1.12,RU,1675546966
305,vung tau,10.346,107.0843,24.95,78,63,9.33,VN,1675546967
306,high level,58.5169,-117.136,-13.94,100,100,0.0,CA,1675546967
307,isangel,-19.55,169.2667,29.06,89,75,1.54,VU,1675546967
308,marzuq,14.4,46.4667,17.52,67,38,1.03,YE,1675546968
309,talnakh,69.4865,88.3972,-10.44,95,100,3.05,RU,1675546678
310,banda aceh,5.5577,95.3222,24.79,86,88,2.55,ID,1675546665
311,severo-kurilsk,50.6789,156.125,-3.09,73,100,2.71,RU,1675546596
312,methoni,36.8197,21.7049,8.45,60,10,14.29,GR,1675546969
313,zyryanka,65.75,150.85,-27.38,98,100,3.21,RU,1675546970
314,coffs harbour,-30.3,153.1333,21.98,78,2,2.06,AU,1675546970
315,kenora,49.8167,-94.4337,-13.46,78,100,1.03,CA,1675546971
316,alice springs,-23.7,133.8833,11.75,87,2,2.06,AU,1675546971
317,bahia de caraquez,-0.6,-80.4167,28.1,87,98,2.69,EC,1675546972
318,sterling,39.0062,-77.4286,0.57,33,40,5.14,US,1675546956
319,batouri,4.4333,14.3667,24.58,25,9,0.78,CM,1675546972
320,vostok,46.4856,135.8833,-19.99,98,100,2.02,RU,1675546701
321,vao,-22.6667,167.4833,26.32,87,90,8.85,NC,1675546973
322,nanakuli,21.3906,-158.1547,23.03,80,100,3.6,US,1675546973
323,san lorenzo,-25.3333,-57.5333,31.52,38,20,3.6,PY,1675546974
324,zimmi,7.3153,-11.3061,24.24,91,34,1.38,SL,1675546975
325,nikolskoye,59.7035,30.7861,-3.06,93,99,3.11,RU,1675546481
326,itanagar,27.1,93.6167,13.88,50,1,1.74,IN,1675546975
327,pochutla,15.7432,-96.4661,31.9,44,2,3.41,MX,1675546976
328,shache,38.4167,77.2406,-4.93,84,76,2.24,CN,1675546796
329,jutai,-5.1833,-68.9,26.71,78,96,0.61,BR,1675546976
330,nantucket,41.2835,-70.0995,-8.92,38,0,5.66,US,1675546835
331,kavaratti,10.5669,72.642,27.28,67,63,2.08,IN,1675546872
332,kirakira,-10.4544,161.9205,28.84,77,54,2.09,SB,1675546977
333,oussouye,12.485,-16.5469,25.1,47,37,4.0,SN,1675546978
334,antigua ocotepeque,14.4,-89.2,27.27,50,20,6.17,HN,1675546978
335,port macquarie,-31.4333,152.9167,22.16,62,0,1.03,AU,1675546975
336,mnogovershinnyy,53.9353,139.9242,-27.99,93,72,1.57,RU,1675546979
337,half moon bay,37.4636,-122.4286,16.14,93,75,8.75,US,1675546980
338,voh,-20.9667,164.7,30.08,70,18,2.09,NC,1675546980
339,marshall,34.3834,-86.3333,12.84,43,0,2.06,US,1675546748
340,berlevag,70.8578,29.0864,-2.0,86,100,1.54,NO,1675546981
341,leningradskiy,69.3833,178.4167,-32.4,99,100,2.05,RU,1675546611
342,quelimane,-17.8786,36.8883,25.97,94,20,1.03,MZ,1675546982
343,kyaikto,17.3,97.0167,22.83,72,24,1.33,MM,1675546983
344,gazalkent,41.5581,69.7708,3.06,85,100,1.13,UZ,1675546984
345,erdenet,49.0333,104.0833,-20.47,89,56,1.23,MN,1675546985
346,ucluelet,48.9329,-125.5528,9.17,94,100,1.79,CA,1675546734
347,tokur,53.1333,132.9,-25.5,99,100,0.9,RU,1675546988
348,cam ranh,11.9214,109.1591,23.98,78,20,2.57,VN,1675546990
349,ronne,55.1009,14.7066,-4.05,86,6,1.54,DK,1675546992
350,kuryk,43.2,51.65,0.33,78,60,2.67,KZ,1675546993
351,hindoria,23.9,79.5667,14.7,30,1,1.03,IN,1675546996
352,santiago de cao,-7.9589,-79.2392,24.07,78,40,4.12,PE,1675547001
353,college,64.8569,-147.8028,-11.03,76,75,1.54,US,1675546607
354,kalmunai,7.4167,81.8167,24.24,89,95,3.53,LK,1675547004
355,sabla,12.7525,4.7077,26.25,13,50,4.17,NG,1675547006
356,macusani,-14.0833,-70.4333,4.73,88,96,3.9,PE,1675547009
357,medicine hat,50.0501,-110.6683,7.24,53,75,7.2,CA,1675546861
358,bad aussee,47.61,13.7824,-1.93,98,100,1.95,AT,1675547012
359,sur,22.5667,59.5289,21.13,67,1,1.96,OM,1675547013
360,bonfim,3.0833,-59.95,29.17,57,100,2.15,BR,1675547014
361,balikpapan,-1.2675,116.8289,25.55,89,20,2.57,ID,1675546724
362,verkh-usugli,52.7,115.1667,-26.69,97,6,1.35,RU,1675547014
363,auki,-8.7676,160.7034,27.54,84,100,2.64,SB,1675547015
364,elat,29.5581,34.9482,13.91,44,0,0.0,IL,1675547016
365,nara,34.6851,135.8049,4.16,43,5,1.69,JP,1675546808
366,tiksi,71.6872,128.8694,-27.72,100,100,1.65,RU,1675547016
367,vallenar,-28.5708,-70.7581,27.54,42,15,4.75,CL,1675547017
368,ilulissat,69.2167,-51.1,-17.99,65,75,2.06,GL,1675547017
369,lorengau,-2.0226,147.2712,28.25,71,100,2.33,PG,1675546654
370,simao,22.7886,100.9748,11.16,96,22,0.68,CN,1675547018
371,churapcha,62.0025,132.4325,-35.17,100,100,0.24,RU,1675547018
372,balabac,7.9868,117.0645,26.29,81,42,6.12,PH,1675547019
373,mariental,-24.6333,17.9667,29.87,34,93,4.17,NA,1675547019
374,nelson bay,-32.7167,152.15,22.78,57,0,3.58,AU,1675547020
375,axim,4.8699,-2.2405,26.02,87,100,2.19,GH,1675547021
376,ojinaga,29.5667,-104.4167,21.43,34,0,0.0,MX,1675547021
377,rock sound,24.9,-76.2,23.65,76,19,10.31,BS,1675546751
378,bambous virieux,-20.3428,57.7575,26.14,89,40,2.06,MU,1675546677
379,yavatmal,20.4,78.1333,17.99,20,0,1.64,IN,1675547022
380,vidalia,32.2177,-82.4135,13.97,35,0,2.57,US,1675547023
381,corinth,37.9407,22.9573,9.38,85,91,2.71,GR,1675546222
382,itaituba,-4.2761,-55.9836,28.09,83,20,1.54,BR,1675547023
383,novobelokatay,55.7062,58.9549,-18.62,99,69,1.2,RU,1675547024
384,katherine,-14.4667,132.2667,23.18,94,37,0.0,AU,1675547024
385,karratha,-20.7377,116.8463,31.11,47,61,2.67,AU,1675547025
386,destin,30.3935,-86.4958,18.36,46,0,3.6,US,1675546915
387,zhigansk,66.7697,123.3711,-41.79,96,47,5.02,RU,1675546958
388,fort nelson,58.8053,-122.7002,-13.92,71,75,0.89,CA,1675546675
389,christiana,-27.914,25.1611,22.36,39,18,3.18,ZA,1675547026
390,mogadishu,2.0371,45.3438,24.65,74,45,10.12,SO,1675547026
391,san luis,-33.295,-66.3356,28.93,20,0,5.23,AR,1675547027
392,westport,41.1415,-73.3579,-5.57,32,0,2.57,US,1675547027
393,otukpo,7.1913,8.1329,28.87,29,96,1.88,NG,1675547028
394,nemuro,43.3236,145.575,-5.85,74,35,3.74,JP,1675547028
395,lagoa,39.05,-27.9833,15.07,88,3,8.31,PT,1675547029
396,sechura,-5.5569,-80.8222,27.15,58,69,7.6,PE,1675546988
397,garowe,8.4054,48.4845,18.67,71,69,5.71,SO,1675547030
398,brainerd,46.358,-94.2008,-2.86,63,0,1.54,US,1675547030
399,zongozotla,19.9833,-97.7333,17.33,59,8,2.8,MX,1675547031
400,lasa,46.6166,10.7002,2.49,80,36,4.04,IT,1675547031
401,general roca,-39.0333,-67.5833,38.68,13,1,6.49,AR,1675547032
402,maldonado,-34.6667,-54.9167,19.66,90,77,7.73,UY,1675547032
403,dongkan,33.9997,119.8308,0.02,77,65,2.75,CN,1675547033
404,emiliano zapata,18.8333,-99.1833,27.34,24,75,0.0,MX,1675546858
405,warmbad,-28.45,18.7333,24.02,34,8,4.83,NA,1675546728
406,mehamn,71.0357,27.8492,-2.03,86,77,2.06,NO,1675546737
407,aleksandrov gay,50.147,48.5704,-5.94,95,100,2.37,RU,1675547034
408,yar-sale,66.8333,70.8333,-12.1,97,99,2.52,RU,1675546722
409,salinopolis,-0.6136,-47.3561,25.71,87,98,5.44,BR,1675546826
410,ailigandi,9.2333,-78.0167,25.88,82,22,6.5,PA,1675547035
411,kruisfontein,-34.0033,24.7314,21.45,65,80,1.77,ZA,1675547036
412,svetlyy,54.675,20.1347,-1.69,77,66,3.75,RU,1675547036
413,boa vista,2.8197,-60.6733,29.99,58,40,2.57,BR,1675547037
414,batemans bay,-35.7167,150.1833,17.28,52,0,0.32,AU,1675546671
415,carutapera,-1.195,-46.02,24.78,93,100,3.67,BR,1675547038
416,maliq,40.7058,20.6997,-1.77,71,92,3.58,AL,1675547038
417,jieshi,22.8134,115.8257,16.18,86,100,5.23,CN,1675547039
418,lubango,-14.9172,13.4925,16.42,81,100,1.1,AO,1675546618
419,kidal,18.4411,1.4078,21.45,10,97,5.28,ML,1675547039
420,uray,60.1247,64.7758,-18.29,99,98,1.7,RU,1675547040
421,hope,33.6671,-93.5916,15.04,59,100,3.1,US,1675547040
422,ilhabela,-23.7781,-45.3581,26.63,82,88,2.36,BR,1675546746
423,saint anthony,45.0205,-93.218,-1.25,65,20,4.12,US,1675547042
424,terra santa,-2.1042,-56.4869,26.13,82,93,0.78,BR,1675547043
425,celestun,20.8667,-90.4,24.52,72,30,8.48,MX,1675547046
426,barra do garcas,-15.89,-52.2567,25.32,83,75,0.0,BR,1675547047
427,agirish,61.9247,63.0231,-12.98,95,100,1.33,RU,1675546904
428,paamiut,61.994,-49.6678,-4.13,77,100,12.53,GL,1675547050
429,tra vinh,9.9347,106.3453,24.5,77,93,5.25,VN,1675547015
430,piracicaba,-22.7253,-47.6492,22.89,89,98,2.52,BR,1675547057
431,taksimo,56.3444,114.8794,-21.11,92,100,0.93,RU,1675547061
432,batagay,67.6333,134.6333,-41.28,99,100,0.62,RU,1675547071
433,kizhinga,51.8462,109.9097,-24.16,100,72,0.83,RU,1675547072
434,belmonte,-15.8631,-38.8828,26.68,80,2,4.78,BR,1675547073
435,constitucion,-35.3333,-72.4167,19.0,78,29,2.19,CL,1675546611
436,anadyr,64.75,177.4833,-29.72,69,0,7.0,RU,1675547074
437,roald,62.5833,6.1333,6.08,70,75,7.72,NO,1675546636
438,morant bay,17.8815,-76.4093,27.79,69,6,4.25,JM,1675547074
439,honningsvag,70.9821,25.9704,-2.14,74,67,8.75,NO,1675546665
440,price,39.5994,-110.8107,2.29,59,0,0.0,US,1675547075
441,ostrovnoy,68.0531,39.5131,-10.53,85,100,5.51,RU,1675547076
442,yumen,40.2833,97.2,-3.17,39,100,6.62,CN,1675547076
443,bima,-8.4667,118.7167,23.76,94,100,0.15,ID,1675547077
444,naryan-mar,67.6713,53.087,-16.72,98,52,3.21,RU,1675547077
445,kearney,40.6995,-99.0815,5.95,59,0,8.23,US,1675547078
446,namatanai,-3.6667,152.4333,26.31,81,100,1.45,PG,1675546721
447,ketchikan,55.3422,-131.6461,7.99,87,100,5.66,US,1675547078
448,burgeo,47.6167,-57.6152,-9.59,84,100,18.09,CA,1675547079
449,tchaourou,8.8865,2.5975,28.97,16,96,1.68,BJ,1675547080
450,maragogi,-9.0122,-35.2225,26.16,79,46,3.45,BR,1675547080
451,fortuna,40.5982,-124.1573,16.66,59,40,8.75,US,1675546587
452,nouadhibou,20.931,-17.0347,20.99,30,83,5.14,MR,1675547081
453,tilichiki,60.4667,166.1,-27.58,97,41,3.78,RU,1675547082
454,itarema,-2.9248,-39.9167,26.26,81,44,6.53,BR,1675547083
455,anloga,5.7947,0.8973,27.31,87,60,7.13,GH,1675546916
456,charters towers,-20.1,146.2667,25.45,83,100,5.2,AU,1675547083
457,rotterdam,51.9225,4.4792,8.27,93,100,1.54,NL,1675546852
458,tianpeng,30.9866,103.9393,10.26,76,100,2.72,CN,1675547084
459,gualaca,8.5333,-82.3,31.37,49,29,3.39,PA,1675547084
460,saint-ambroise,48.5501,-71.3324,-23.82,53,67,2.06,CA,1675547085
461,kinablangan,7.6947,126.5503,24.22,83,97,0.9,PH,1675547086
462,praia da vitoria,38.7333,-27.0667,15.98,100,40,5.92,PT,1675547086
463,itoman,26.1247,127.6694,17.01,88,75,4.63,JP,1675547087
464,veraval,20.9,70.3667,21.37,32,27,3.47,IN,1675547087
465,xuddur,4.1213,43.8894,23.02,29,9,5.72,SO,1675547088
466,tual,-5.6667,132.75,27.23,83,100,6.35,ID,1675547082
467,san ramon,37.7799,-121.978,15.42,88,100,6.17,US,1675547088
468,yanaul,56.2719,54.9309,-15.61,94,100,1.06,RU,1675547089
469,serravalle,43.969,12.4817,9.42,63,75,6.71,SM,1675547089
470,kushima,31.4583,131.2333,7.8,84,100,2.16,JP,1675546714
471,padang,-0.9492,100.3543,24.03,86,100,1.35,ID,1675546999
472,kvitok,56.0724,98.4813,-18.9,100,100,0.75,RU,1675547090
473,comodoro rivadavia,-45.8667,-67.5,25.92,36,0,6.17,AR,1675547051
474,yerbogachen,61.2767,108.0108,-27.56,100,93,1.14,RU,1675546846
475,ginda,30.6945,78.4932,6.09,26,0,3.79,IN,1675547086
476,pakokku,21.3333,95.1,19.62,34,93,2.54,MM,1675547091
477,laguna,38.421,-121.4238,18.99,58,100,5.14,US,1675546966
478,kamaishi,39.2667,141.8833,-2.5,72,6,2.87,JP,1675547092
479,san jose,37.3394,-121.895,17.17,80,75,5.66,US,1675546912
480,kathu,7.9178,98.3332,24.9,78,5,8.88,TH,1675547092
481,noumea,-22.2763,166.4572,30.99,99,76,5.68,NC,1675546497
482,mezhdurechensk,53.6942,88.0603,-20.12,100,99,0.96,RU,1675547093
483,sambava,-14.2667,50.1667,24.27,91,69,3.67,MG,1675546905
484,mazagao,-0.115,-51.2894,26.03,95,99,1.25,BR,1675546839
485,pisco,-13.7,-76.2167,24.03,83,0,4.12,PE,1675547094
486,soyo,-6.1349,12.3689,26.91,84,93,4.25,AO,1675547095
487,lamu,-2.2717,40.902,25.12,88,53,4.58,KE,1675547095
488,makaha,21.4694,-158.2175,22.53,72,100,3.6,US,1675547095
489,pointe-noire,-4.7761,11.8635,26.04,89,75,3.09,CG,1675547096
490,salalah,17.0151,54.0924,20.57,71,33,0.74,OM,1675546613
491,sakakah,29.9697,40.2064,6.76,63,1,3.16,SA,1675547097
492,muscat,23.6139,58.5922,22.01,67,1,1.14,OM,1675547098
493,flint,43.0125,-83.6875,-0.03,62,0,6.17,US,1675547098
494,grand gaube,-20.0064,57.6608,26.22,82,97,0.45,MU,1675547099
495,atar,20.5169,-13.0499,17.01,18,60,5.39,MR,1675546635
496,ouidah,6.3631,2.0851,28.92,87,12,6.64,BJ,1675547100
497,turbat,26.0023,63.044,18.69,75,0,0.85,PK,1675547100
498,utete,-7.986,38.758,23.05,96,100,0.55,TZ,1675547101
499,williams lake,52.1415,-122.1445,5.76,65,75,7.2,CA,1675547101
500,hofn,64.2539,-15.2082,0.47,60,52,3.32,IS,1675547102
501,waipawa,-41.4122,175.5153,23.22,64,13,3.3,NZ,1675547106
502,avtury,43.16,46.0,-1.62,77,99,0.93,RU,1675547110
503,cockburn town,21.4612,-71.1419,25.98,65,40,6.17,TC,1675547112
504,kaputa,-8.4689,29.6619,20.67,86,100,1.11,ZM,1675547114
505,boueni,-12.9025,45.0761,27.99,78,48,3.08,YT,1675547118
506,vilyuysk,63.7553,121.6247,-32.81,98,100,2.3,RU,1675547120
507,te anau,-45.4167,167.7167,18.85,98,100,1.19,NZ,1675547124
508,nerchinskiy zavod,51.3088,119.61,-33.6,100,97,0.62,RU,1675547125
509,salina,38.8403,-97.6114,15.57,37,0,7.72,US,1675547125
510,san francisco del mar,16.2333,-94.65,23.79,61,1,13.77,MX,1675547128
511,yarim,14.298,44.3779,10.49,64,17,0.78,YE,1675547135
512,dapaong,10.8639,0.205,28.65,15,12,2.46,TG,1675547135
513,cacapava do sul,-30.5122,-53.4914,24.21,30,12,3.64,BR,1675547136
514,kachiry,53.0675,76.1036,-22.68,100,44,2.76,KZ,1675546663
515,sisimiut,66.9395,-53.6735,-22.51,94,52,3.92,GL,1675547137
516,san cristobal,7.7669,-72.225,26.1,43,23,1.84,VE,1675547138
517,merauke,-8.4667,140.3333,24.91,90,100,2.75,ID,1675547138
518,bambanglipuro,-7.95,110.2833,25.32,85,100,5.94,ID,1675547139
519,montepuez,-13.1256,38.9997,20.95,97,100,0.79,MZ,1675547139
520,dauphin,51.1494,-100.0502,-7.92,79,100,2.57,CA,1675547140
521,kachug,53.9606,105.8817,-23.72,100,97,1.24,RU,1675547140
522,arlit,18.7369,7.3853,22.64,11,17,5.05,NE,1675547141
523,chokwe,-24.5333,32.9833,22.99,89,4,2.9,MZ,1675547141
524,arteaga,18.4667,-102.4167,28.35,26,1,2.1,MX,1675546907
525,atyrau,47.1167,51.8833,-9.99,92,75,3.0,KZ,1675547142
526,kambove,-10.8764,26.5969,15.52,98,100,1.92,CD,1675547142
527,bethanien,-26.502,17.1583,27.1,22,93,5.06,NA,1675547143
528,murray bridge,-35.1167,139.2667,16.74,74,11,0.56,AU,1675547143
529,angoche,-16.2325,39.9086,25.42,89,72,2.7,MZ,1675547144
530,ypsonas,34.6884,32.9574,10.71,66,20,1.54,CY,1675547144
531,chapais,49.7834,-74.8492,-21.12,95,100,4.27,CA,1675546911
532,popondetta,-8.7537,148.2534,25.8,85,100,0.46,PG,1675547145
533,colares,38.7992,-9.4469,13.55,58,0,6.71,PT,1675547145
534,ahuimanu,21.4447,-157.8378,22.42,88,100,4.12,US,1675547146
535,palana,59.1167,159.9667,-22.48,99,92,1.8,RU,1675547146
536,nome,64.5011,-165.4064,-10.96,85,100,3.6,US,1675547147
537,batagay-alyta,67.8006,130.4114,-35.89,94,98,1.03,RU,1675547147
538,snezhnogorsk,69.1933,33.2531,-16.12,99,95,1.58,RU,1675547148
539,maceio,-9.6658,-35.7353,27.69,78,0,4.63,BR,1675547059
540,concepcion del oro,24.6333,-101.4167,19.19,19,23,1.78,MX,1675547029
541,meadow lake,34.8014,-106.5436,15.44,18,10,1.17,US,1675547149
542,taltal,-25.4,-70.4833,22.39,74,42,1.67,CL,1675547149
543,chkalovsk,56.7647,43.2433,-6.6,97,100,2.69,RU,1675547150
544,concepcion del uruguay,-32.4825,-58.2372,27.77,35,0,2.24,AR,1675547150
545,naze,28.3667,129.4833,13.51,67,99,4.77,JP,1675547151
546,sorland,67.667,12.6934,2.92,91,100,18.0,NO,1675546633
547,dudinka,69.4058,86.1778,-11.32,96,100,3.47,RU,1675547152
548,manoel urbano,-8.8389,-69.2597,23.24,87,100,0.97,BR,1675547153
549,juneau,58.3019,-134.4197,1.72,94,100,0.0,US,1675546603
550,kimbe,-5.5502,150.1429,27.15,82,96,0.45,PG,1675546981
551,reconquista,-29.15,-59.65,31.85,21,86,3.83,AR,1675547154
552,neuquen,-38.9516,-68.0591,36.94,15,0,3.6,AR,1675547034
553,lebrija,36.9208,-6.0753,11.63,81,0,1.03,ES,1675546907
554,asheville,35.6009,-82.554,7.79,43,0,3.09,US,1675547064
555,mahon,39.8885,4.2658,13.31,67,0,10.8,ES,1675547155
556,biak,-0.9131,122.8766,24.14,84,100,1.51,ID,1675546857
557,nakama,33.8167,130.7,1.92,60,7,2.16,JP,1675547156
558,tabuk,17.4189,121.4443,18.43,88,94,1.4,PH,1675546956
559,betong,5.7743,101.0723,19.73,98,56,1.34,TH,1675546657
560,ban mo,14.6154,100.7273,26.27,91,99,2.06,TH,1675547157
561,lubao,14.9167,120.55,23.84,83,84,2.74,PH,1675547158
562,bengkulu,-3.8004,102.2655,23.31,89,100,2.07,ID,1675546617
563,bundaberg,-24.85,152.35,27.34,86,43,1.34,AU,1675547158
564,andenes,69.3143,16.1194,1.99,69,100,9.26,NO,1675546650
565,la primavera,5.4906,-70.4092,33.09,35,81,4.0,CO,1675547159
566,karachi,24.9056,67.0822,15.9,94,5,0.0,PK,1675547044
567,moyale,3.5167,39.0584,20.3,32,92,3.15,KE,1675547160
568,palaikastron,35.2,26.25,13.33,66,82,11.98,GR,1675547160
569,astana,51.1801,71.446,-10.03,79,75,5.0,KZ,1675547161
570,asyut,27.181,31.1837,12.1,49,84,2.37,EG,1675547161
